Base number,%GC,sscount,Probe sequence,Tm,DGbimolecular,DGunimolecular,DGduplex
2225,36,0.8093841642228738,UUUUGGGAAAAGCGGAAAAGUU,68,-3.8,-0.6,-32.9
2224,36,0.7991202346041055,UUUGGGAAAAGCGGAAAAGUUU,68,-2.8,-0.7,-32.9
80,36,0.7947214076246334,AAGAUAAUAGGUUUUGGCGGAA,69,-5.9,0.0,-34.1
81,36,0.7903225806451613,UAAGAUAAUAGGUUUUGGCGGA,69,-4.6,-0.4,-34.5
82,36,0.7903225806451613,UUAAGAUAAUAGGUUUUGGCGG,68,-5.0,-0.6,-33.5
83,36,0.7771260997067448,CUUAAGAUAAUAGGUUUUGGCG,66,-5.4,-0.8,-32.8
84,31,0.7697947214076246,ACUUAAGAUAAUAGGUUUUGGC,65,-5.4,-0.8,-32.1
2223,40,0.7639296187683284,UUGGGAAAAGCGGAAAAGUUUG,69,-4.4,-1.5,-34.6
2822,31,0.7404692082111437,UUUUGGAUUUUACAUUGCAGCU,66,-5.1,0.0,-32.0
2821,31,0.7390029325513197,UUUGGAUUUUACAUUGCAGCUU,66,-5.1,0.0,-32.0
2820,36,0.7375366568914956,UUGGAUUUUACAUUGCAGCUUG,67,-5.1,0.0,-33.7
1218,45,0.7287390029325513,CGUUGUAGGUUCCACUGGUUAA,72,-6.4,-0.5,-37.8
2222,40,0.7287390029325513,UGGGAAAAGCGGAAAAGUUUGA,70,-4.4,-1.5,-35.6
399,45,0.7272727272727273,UGUUGCUGUUGCUGUUGUAGGU,73,-5.9,-1.1,-38.9
1219,45,0.7258064516129032,UCGUUGUAGGUUCCACUGGUUA,73,-6.4,-0.5,-38.8
1238,45,0.7228739002932552,GUUAAUCGUCAGCAGAGAAUCG,69,-4.3,0.0,-37.2
1237,40,0.7228739002932552,UUAAUCGUCAGCAGAGAAUCGU,69,-4.3,0.0,-36.2
1236,40,0.7228739002932552,UAAUCGUCAGCAGAGAAUCGUU,69,-4.3,0.0,-36.2
400,50,0.7214076246334311,GUGUUGCUGUUGCUGUUGUAGG,73,-5.9,-1.1,-39.9
1235,45,0.7214076246334311,AAUCGUCAGCAGAGAAUCGUUG,70,-7.1,-1.3,-37.5
402,45,0.718475073313783,UGGUGUUGCUGUUGCUGUUGUA,73,-4.6,-1.1,-38.9
1217,40,0.7155425219941349,GUUGUAGGUUCCACUGGUUAAA,70,-6.4,-0.5,-36.3
401,50,0.7155425219941349,GGUGUUGCUGUUGCUGUUGUAG,73,-5.7,-1.1,-39.9
2817,31,0.7111436950146628,GAUUUUACAUUGCAGCUUGUUA,64,-6.0,0.0,-31.8
2813,36,0.7096774193548387,UUACAUUGCAGCUUGUUAUAGG,68,-6.0,0.0,-34.3
2814,31,0.7096774193548387,UUUACAUUGCAGCUUGUUAUAG,65,-6.0,0.0,-31.9
2812,36,0.7067448680351907,UACAUUGCAGCUUGUUAUAGGA,69,-7.0,0.0,-35.3
2818,36,0.7052785923753666,GGAUUUUACAUUGCAGCUUGUU,67,-6.0,0.0,-33.8
2823,31,0.7008797653958945,UUUUUGGAUUUUACAUUGCAGC,65,-5.1,0.0,-31.3
2811,40,0.7008797653958945,ACAUUGCAGCUUGUUAUAGGAC,70,-7.0,0.0,-36.7
2819,36,0.6994134897360704,UGGAUUUUACAUUGCAGCUUGU,68,-5.4,0.0,-34.5
1216,36,0.6994134897360704,UUGUAGGUUCCACUGGUUAAAA,68,-6.4,-0.5,-34.5
2221,40,0.6994134897360704,GGGAAAAGCGGAAAAGUUUGAA,69,-4.4,-1.5,-34.9
2220,40,0.6935483870967742,GGAAAAGCGGAAAAGUUUGAAG,68,-4.4,-1.5,-34.2
2215,40,0.6891495601173021,AGCGGAAAAGUUUGAAGAGAAG,68,-2.8,0.0,-35.2
398,50,0.6876832844574781,GUUGCUGUUGCUGUUGUAGGUG,73,-5.9,-1.1,-39.9
1215,36,0.6832844574780058,UGUAGGUUCCACUGGUUAAAAU,69,-6.4,-0.5,-34.7
1239,40,0.6818181818181818,AGUUAAUCGUCAGCAGAGAAUC,68,-4.3,0.0,-36.4
2216,36,0.6818181818181818,AAGCGGAAAAGUUUGAAGAGAA,67,-3.6,-1.1,-33.5
403,50,0.6818181818181818,CUGGUGUUGCUGUUGCUGUUGU,74,-4.1,-1.1,-40.2
2219,36,0.6818181818181818,GAAAAGCGGAAAAGUUUGAAGA,66,-4.4,-1.5,-32.8
856,40,0.6818181818181818,UUUUCAUCCGUUAUCUUGGGCA,70,-5.6,-1.9,-36.4
1682,40,0.6803519061583577,GUUGAUUAGACAGGAGUGUAUG,68,-6.2,-0.4,-36.5
1683,40,0.6788856304985337,CGUUGAUUAGACAGGAGUGUAU,69,-6.2,-0.4,-36.3
857,45,0.6788856304985337,CUUUUCAUCCGUUAUCUUGGGC,71,-5.6,-1.9,-37.4
2217,36,0.6744868035190615,AAAGCGGAAAAGUUUGAAGAGA,67,-4.4,-1.5,-33.5
2218,36,0.6715542521994134,AAAAGCGGAAAAGUUUGAAGAG,66,-4.4,-1.5,-32.5
855,45,0.6700879765395894,UUUCAUCCGUUAUCUUGGGCAC,72,-5.6,-1.9,-38.2
2212,31,0.6671554252199413,GGAAAAGUUUGAAGAGAAGUUU,63,-3.0,0.0,-31.3
858,40,0.6671554252199413,UCUUUUCAUCCGUUAUCUUGGG,69,-5.4,-1.8,-35.9