Base number,%GC,sscount,Probe sequence,Tm,DGbimolecular,DGunimolecular,DGduplex
2225,36,0.8093841642228738,UUUUGGGAAAAGCGGAAAAGUU,68,-3.8,-0.6,-32.9
2224,36,0.7991202346041055,UUUGGGAAAAGCGGAAAAGUUU,68,-2.8,-0.7,-32.9
80,36,0.7947214076246334,AAGAUAAUAGGUUUUGGCGGAA,69,-5.9,0.0,-34.1
81,36,0.7903225806451613,UAAGAUAAUAGGUUUUGGCGGA,69,-4.6,-0.4,-34.5
82,36,0.7903225806451613,UUAAGAUAAUAGGUUUUGGCGG,68,-5.0,-0.6,-33.5
83,36,0.7771260997067448,CUUAAGAUAAUAGGUUUUGGCG,66,-5.4,-0.8,-32.8
84,31,0.7697947214076246,ACUUAAGAUAAUAGGUUUUGGC,65,-5.4,-0.8,-32.1
2223,40,0.7639296187683284,UUGGGAAAAGCGGAAAAGUUUG,69,-4.4,-1.5,-34.6
2822,31,0.7404692082111437,UUUUGGAUUUUACAUUGCAGCU,66,-5.1,0.0,-32.0
2821,31,0.7390029325513197,UUUGGAUUUUACAUUGCAGCUU,66,-5.1,0.0,-32.0
2820,36,0.7375366568914956,UUGGAUUUUACAUUGCAGCUUG,67,-5.1,0.0,-33.7
1218,45,0.7287390029325513,CGUUGUAGGUUCCACUGGUUAA,72,-6.4,-0.5,-37.8
2222,40,0.7287390029325513,UGGGAAAAGCGGAAAAGUUUGA,70,-4.4,-1.5,-35.6
399,45,0.7272727272727273,UGUUGCUGUUGCUGUUGUAGGU,73,-5.9,-1.1,-38.9
1219,45,0.7258064516129032,UCGUUGUAGGUUCCACUGGUUA,73,-6.4,-0.5,-38.8
1238,45,0.7228739002932552,GUUAAUCGUCAGCAGAGAAUCG,69,-4.3,0.0,-37.2
1237,40,0.7228739002932552,UUAAUCGUCAGCAGAGAAUCGU,69,-4.3,0.0,-36.2
1236,40,0.7228739002932552,UAAUCGUCAGCAGAGAAUCGUU,69,-4.3,0.0,-36.2
400,50,0.7214076246334311,GUGUUGCUGUUGCUGUUGUAGG,73,-5.9,-1.1,-39.9
1235,45,0.7214076246334311,AAUCGUCAGCAGAGAAUCGUUG,70,-7.1,-1.3,-37.5
402,45,0.718475073313783,UGGUGUUGCUGUUGCUGUUGUA,73,-4.6,-1.1,-38.9
1217,40,0.7155425219941349,GUUGUAGGUUCCACUGGUUAAA,70,-6.4,-0.5,-36.3
401,50,0.7155425219941349,GGUGUUGCUGUUGCUGUUGUAG,73,-5.7,-1.1,-39.9
2817,31,0.7111436950146628,GAUUUUACAUUGCAGCUUGUUA,64,-6.0,0.0,-31.8
2813,36,0.7096774193548387,UUACAUUGCAGCUUGUUAUAGG,68,-6.0,0.0,-34.3
2814,31,0.7096774193548387,UUUACAUUGCAGCUUGUUAUAG,65,-6.0,0.0,-31.9
2812,36,0.7067448680351907,UACAUUGCAGCUUGUUAUAGGA,69,-7.0,0.0,-35.3
2818,36,0.7052785923753666,GGAUUUUACAUUGCAGCUUGUU,67,-6.0,0.0,-33.8
2823,31,0.7008797653958945,UUUUUGGAUUUUACAUUGCAGC,65,-5.1,0.0,-31.3
2811,40,0.7008797653958945,ACAUUGCAGCUUGUUAUAGGAC,70,-7.0,0.0,-36.7
2819,36,0.6994134897360704,UGGAUUUUACAUUGCAGCUUGU,68,-5.4,0.0,-34.5
1216,36,0.6994134897360704,UUGUAGGUUCCACUGGUUAAAA,68,-6.4,-0.5,-34.5
2221,40,0.6994134897360704,GGGAAAAGCGGAAAAGUUUGAA,69,-4.4,-1.5,-34.9
2220,40,0.6935483870967742,GGAAAAGCGGAAAAGUUUGAAG,68,-4.4,-1.5,-34.2
2215,40,0.6891495601173021,AGCGGAAAAGUUUGAAGAGAAG,68,-2.8,0.0,-35.2
398,50,0.6876832844574781,GUUGCUGUUGCUGUUGUAGGUG,73,-5.9,-1.1,-39.9
1215,36,0.6832844574780058,UGUAGGUUCCACUGGUUAAAAU,69,-6.4,-0.5,-34.7
1239,40,0.6818181818181818,AGUUAAUCGUCAGCAGAGAAUC,68,-4.3,0.0,-36.4
2216,36,0.6818181818181818,AAGCGGAAAAGUUUGAAGAGAA,67,-3.6,-1.1,-33.5
403,50,0.6818181818181818,CUGGUGUUGCUGUUGCUGUUGU,74,-4.1,-1.1,-40.2
2219,36,0.6818181818181818,GAAAAGCGGAAAAGUUUGAAGA,66,-4.4,-1.5,-32.8
856,40,0.6818181818181818,UUUUCAUCCGUUAUCUUGGGCA,70,-5.6,-1.9,-36.4
1682,40,0.6803519061583577,GUUGAUUAGACAGGAGUGUAUG,68,-6.2,-0.4,-36.5
1683,40,0.6788856304985337,CGUUGAUUAGACAGGAGUGUAU,69,-6.2,-0.4,-36.3
857,45,0.6788856304985337,CUUUUCAUCCGUUAUCUUGGGC,71,-5.6,-1.9,-37.4
2217,36,0.6744868035190615,AAAGCGGAAAAGUUUGAAGAGA,67,-4.4,-1.5,-33.5
2218,36,0.6715542521994134,AAAAGCGGAAAAGUUUGAAGAG,66,-4.4,-1.5,-32.5
855,45,0.6700879765395894,UUUCAUCCGUUAUCUUGGGCAC,72,-5.6,-1.9,-38.2
2212,31,0.6671554252199413,GGAAAAGUUUGAAGAGAAGUUU,63,-3.0,0.0,-31.3
858,40,0.6671554252199413,UCUUUUCAUCCGUUAUCUUGGG,69,-5.4,-1.8,-35.9
1214,40,0.6642228739002932,GUAGGUUCCACUGGUUAAAAUC,69,-6.4,-0.5,-36.0
2213,36,0.6627565982404692,CGGAAAAGUUUGAAGAGAAGUU,65,-2.4,0.0,-32.8
2214,40,0.658357771260997,GCGGAAAAGUUUGAAGAGAAGU,69,-2.8,0.0,-35.3
854,50,0.658357771260997,UUCAUCCGUUAUCUUGGGCACG,73,-5.6,-1.9,-39.7
1638,36,0.6524926686217009,AUUCGCUUCGGAUAAACUUGUU,67,-6.9,-1.1,-33.2
397,45,0.6480938416422287,UUGCUGUUGCUGUUGUAGGUGA,73,-5.9,-1.3,-39.1
970,36,0.6451612903225806,UGCUGGUAGAAAUUGUUGAGAU,68,-7.4,0.0,-35.0
1240,40,0.6436950146627566,GAGUUAAUCGUCAGCAGAGAAU,68,-4.3,0.0,-36.4
1685,40,0.6436950146627566,UUCGUUGAUUAGACAGGAGUGU,69,-6.2,-0.4,-36.7
90,36,0.6436950146627566,UCACGGACUUAAGAUAAUAGGU,68,-7.1,-1.0,-34.9
1684,40,0.6407624633431085,UCGUUGAUUAGACAGGAGUGUA,69,-6.2,-0.4,-37.1
1681,36,0.6378299120234604,UUGAUUAGACAGGAGUGUAUGU,68,-6.6,-0.4,-35.5
859,40,0.6348973607038123,GUCUUUUCAUCCGUUAUCUUGG,67,-2.6,-0.4,-35.3
967,36,0.6334310850439883,UGGUAGAAAUUGUUGAGAUGCU,68,-4.0,0.0,-35.0
966,36,0.6290322580645161,GGUAGAAAUUGUUGAGAUGCUU,67,-3.8,0.0,-34.3
91,36,0.6290322580645161,UUCACGGACUUAAGAUAAUAGG,66,-5.4,0.0,-34.1
969,40,0.6275659824046921,GCUGGUAGAAAUUGUUGAGAUG,68,-5.4,0.0,-36.0
1637,40,0.626099706744868,UUCGCUUCGGAUAAACUUGUUG,68,-4.6,0.0,-34.7
580,45,0.624633431085044,UUGUCGUGCAGUGGAAAUGGAU,72,-5.1,0.0,-38.6
1210,40,0.6231671554252199,GUUCCACUGGUUAAAAUCGUUG,67,-6.2,0.0,-34.7
968,40,0.6217008797653959,CUGGUAGAAAUUGUUGAGAUGC,68,-5.0,0.0,-36.0
2584,36,0.6187683284457478,UUUGCAAACGGAAACAGAAAGA,67,-7.1,0.0,-33.3
92,31,0.6143695014662757,UUUCACGGACUUAAGAUAAUAG,63,-5.4,0.0,-31.7
581,50,0.6129032258064516,GUUGUCGUGCAGUGGAAAUGGA,73,-5.7,0.0,-40.2
1639,40,0.6114369501466276,CAUUCGCUUCGGAUAAACUUGU,68,-7.1,-1.2,-34.9
1241,45,0.6055718475073314,CGAGUUAAUCGUCAGCAGAGAA,70,-6.2,-0.9,-37.7
860,40,0.6041055718475073,GGUCUUUUCAUCCGUUAUCUUG,67,-4.0,-0.2,-35.3
1686,40,0.6041055718475073,UUUCGUUGAUUAGACAGGAGUG,68,-5.2,-0.8,-35.9
2583,40,0.5997067448680352,UUGCAAACGGAAACAGAAAGAC,68,-5.9,0.0,-35.1
965,36,0.5982404692082112,GUAGAAAUUGUUGAGAUGCUUC,65,-2.9,0.0,-33.9
1022,54,0.593841642228739,GGGGCUGUAGAUGUUGAUGGGU,78,-6.4,0.0,-43.7
861,36,0.592375366568915,UGGUCUUUUCAUCCGUUAUCUU,67,-4.0,-0.2,-34.3
862,36,0.592375366568915,UUGGUCUUUUCAUCCGUUAUCU,67,-4.0,-0.2,-34.3
579,45,0.592375366568915,UGUCGUGCAGUGGAAAUGGAUU,72,-5.1,-0.2,-38.6
578,50,0.5879765395894428,GUCGUGCAGUGGAAAUGGAUUG,72,-5.1,-0.3,-39.6
569,50,0.5865102639296188,UGGAAAUGGAUUGCCCGUCAGU,75,-6.0,-2.1,-40.9
567,45,0.5865102639296188,GAAAUGGAUUGCCCGUCAGUUU,72,-6.0,-2.1,-37.8
1636,40,0.5850439882697948,UCGCUUCGGAUAAACUUGUUGA,69,-4.5,0.0,-35.7
570,54,0.5850439882697948,GUGGAAAUGGAUUGCCCGUCAG,75,-6.0,-2.1,-41.9
2582,45,0.5835777126099707,UGCAAACGGAAACAGAAAGACG,70,-4.1,0.0,-36.6
568,50,0.5821114369501467,GGAAAUGGAUUGCCCGUCAGUU,74,-6.0,-2.1,-40.2
2579,36,0.5806451612903226,AAACGGAAACAGAAAGACGAAA,66,-1.5,0.0,-32.7
571,50,0.5806451612903226,AGUGGAAAUGGAUUGCCCGUCA,75,-6.0,-2.1,-40.9
1021,50,0.5791788856304986,GGGCUGUAGAUGUUGAUGGGUA,75,-7.2,0.0,-41.7
964,36,0.5777126099706745,UAGAAAUUGUUGAGAUGCUUCC,66,-4.5,0.0,-34.5
566,40,0.5777126099706745,AAAUGGAUUGCCCGUCAGUUUU,71,-6.0,-2.1,-35.8
1015,45,0.5747800586510264,UAGAUGUUGAUGGGUACUGGCA,73,-6.4,0.0,-40.0
2580,40,0.5733137829912024,CAAACGGAAACAGAAAGACGAA,67,-1.5,0.0,-34.4
2581,45,0.5703812316715543,GCAAACGGAAACAGAAAGACGA,70,-2.7,0.0,-36.9
1016,50,0.5703812316715543,GUAGAUGUUGAUGGGUACUGGC,74,-6.4,0.0,-41.1
1242,50,0.5689149560117303,CCGAGUUAAUCGUCAGCAGAGA,73,-6.2,-1.3,-40.1
1640,45,0.5674486803519062,GCAUUCGCUUCGGAUAAACUUG,70,-7.1,-1.2,-36.6
1687,40,0.5674486803519062,CUUUCGUUGAUUAGACAGGAGU,68,-7.4,-1.9,-35.9
1017,45,0.5659824046920822,UGUAGAUGUUGAUGGGUACUGG,72,-6.4,0.0,-39.3
95,31,0.5645161290322581,CUUUUUCACGGACUUAAGAUAA,63,-5.4,0.0,-31.1
1160,31,0.5630498533724341,CAUUAUGUUCAUGCCGUUAAAU,64,-5.2,0.0,-31.2
2578,36,0.5615835777126099,AACGGAAACAGAAAGACGAAAA,66,-1.5,0.0,-32.7
1018,45,0.5615835777126099,CUGUAGAUGUUGAUGGGUACUG,70,-6.4,0.0,-38.6
863,40,0.5615835777126099,CUUGGUCUUUUCAUCCGUUAUC,67,-4.0,-0.2,-35.3
552,31,0.5586510263929618,UCAGUUUUCGAUAUUCACUCUU,64,-3.7,0.0,-32.2
549,31,0.5586510263929618,GUUUUCGAUAUUCACUCUUGAU,63,-4.1,0.0,-31.7
963,36,0.5571847507331378,AGAAAUUGUUGAGAUGCUUCCA,67,-5.1,0.0,-34.8
1161,31,0.5571847507331378,UCAUUAUGUUCAUGCCGUUAAA,65,-5.2,0.0,-32.0
2575,40,0.5557184750733137,GGAAACAGAAAGACGAAAAUCG,66,-3.1,0.0,-34.1
551,36,0.5542521994134897,CAGUUUUCGAUAUUCACUCUUG,64,-3.7,0.0,-32.9
550,31,0.5542521994134897,AGUUUUCGAUAUUCACUCUUGA,64,-3.7,0.0,-32.2
962,36,0.5527859237536656,GAAAUUGUUGAGAUGCUUCCAA,66,-6.9,-0.2,-34.1
2574,40,0.5498533724340176,GAAACAGAAAGACGAAAAUCGC,66,-4.3,0.0,-34.2
1020,50,0.5498533724340176,GGCUGUAGAUGUUGAUGGGUAC,74,-7.2,0.0,-41.1
1635,40,0.5469208211143695,CGCUUCGGAUAAACUUGUUGAA,68,-4.5,0.0,-34.7
1641,40,0.5469208211143695,AGCAUUCGCUUCGGAUAAACUU,70,-7.1,-1.2,-35.6
1296,36,0.5454545454545454,AUAGCAUAAAAUCAUCGCCCAU,69,-2.7,0.0,-34.7
370,50,0.5454545454545454,UUGGUGGAAAUCUGAGUGGACG,73,-3.3,0.0,-40.3
1162,31,0.5454545454545454,UUCAUUAUGUUCAUGCCGUUAA,65,-5.2,0.0,-32.0
2522,40,0.5454545454545454,CAUCAAUAAUAAAUCAGCCGCG,68,-5.6,0.0,-34.6
1113,45,0.5454545454545454,GGUUUUCAGUCGGUUCGGUUUU,71,-5.7,0.0,-36.6
1101,50,0.5454545454545454,GUUCGGUUUUCUGGCUUUGGGU,75,-6.2,-1.3,-39.6
2576,40,0.5439882697947214,CGGAAACAGAAAGACGAAAAUC,66,-1.4,0.0,-34.1
1835,31,0.5439882697947214,GAUUAAGAACCCAACUUAAUAC,63,-6.8,-2.0,-31.7
1634,36,0.5425219941348973,GCUUCGGAUAAACUUGUUGAAU,66,-5.8,-0.2,-33.4
1114,50,0.5410557184750733,CGGUUUUCAGUCGGUUCGGUUU,73,-5.7,0.0,-38.1
1159,31,0.5395894428152492,AUUAUGUUCAUGCCGUUAAAUG,64,-5.2,0.0,-31.2
96,36,0.5395894428152492,GCUUUUUCACGGACUUAAGAUA,66,-5.4,0.0,-33.6
1633,36,0.5395894428152492,CUUCGGAUAAACUUGUUGAAUC,64,-5.8,-0.2,-32.9
439,40,0.5381231671554252,AUAUAGUUGCUCUCGAUGAUGG,69,-5.1,0.0,-36.8
440,36,0.5381231671554252,UAUAUAGUUGCUCUCGAUGAUG,66,-5.1,0.0,-34.8
565,45,0.5381231671554252,AAUGGAUUGCCCGUCAGUUUUC,72,-6.0,-2.1,-37.8
371,50,0.5366568914956011,CUUGGUGGAAAUCUGAGUGGAC,72,-5.8,-1.4,-40.5
372,50,0.5366568914956011,CCUUGGUGGAAAUCUGAGUGGA,74,-6.6,-1.8,-41.1
2577,36,0.5351906158357771,ACGGAAACAGAAAGACGAAAAU,67,-1.5,0.0,-32.9
443,40,0.533724340175953,GGAUAUAUAGUUGCUCUCGAUG,68,-4.4,0.0,-36.5
1808,36,0.533724340175953,ACUCGUUUCAAUAACUUGCAGU,67,-6.3,0.0,-33.8
1019,45,0.533724340175953,GCUGUAGAUGUUGAUGGGUACU,72,-6.4,0.0,-39.4
1102,54,0.533724340175953,GGUUCGGUUUUCUGGCUUUGGG,76,-6.4,-1.8,-41.2
548,31,0.532258064516129,UUUUCGAUAUUCACUCUUGAUG,62,-4.1,0.0,-31.6
1024,54,0.532258064516129,UCGGGGCUGUAGAUGUUGAUGG,76,-5.5,0.0,-43.0
864,40,0.532258064516129,CCUUGGUCUUUUCAUCCGUUAU,69,-4.1,-0.2,-35.7
477,40,0.532258064516129,CCUCACUAUCUAUAUCGGGAUA,69,-6.4,-1.7,-37.5
442,36,0.530791788856305,GAUAUAUAGUUGCUCUCGAUGA,66,-4.4,0.0,-35.1
1243,50,0.530791788856305,UCCGAGUUAAUCGUCAGCAGAG,73,-6.2,-1.3,-40.1
553,36,0.5293255131964809,GUCAGUUUUCGAUAUUCACUCU,65,-4.1,0.0,-34.0
1807,36,0.5293255131964809,CUCGUUUCAAUAACUUGCAGUA,66,-6.3,0.0,-33.4
478,40,0.5293255131964809,ACCUCACUAUCUAUAUCGGGAU,71,-4.3,-0.5,-37.9
1329,36,0.5293255131964809,UAAAUCGGCAUUUUAGCUCCAU,69,-4.5,-1.7,-34.3
1100,45,0.5278592375366569,UUCGGUUUUCUGGCUUUGGGUU,73,-6.2,-1.2,-37.8
479,45,0.5263929618768328,CACCUCACUAUCUAUAUCGGGA,72,-4.3,0.0,-39.4
441,31,0.5249266862170088,AUAUAUAGUUGCUCUCGAUGAU,65,-5.1,0.0,-33.3
438,40,0.5249266862170088,UAUAGUUGCUCUCGAUGAUGGU,70,-6.4,0.0,-37.4
874,45,0.5234604105571847,GUGGCGAUAUCCUUGGUCUUUU,72,-7.4,-1.1,-38.2
2573,40,0.5219941348973607,AAACAGAAAGACGAAAAUCGCG,67,-4.3,0.0,-33.7
1115,54,0.5219941348973607,GCGGUUUUCAGUCGGUUCGGUU,76,-5.7,0.0,-40.6
420,50,0.5205278592375366,UGGUCAUGUUGUUCUCGCUGGU,74,-4.4,0.0,-40.9
1112,45,0.5205278592375366,GUUUUCAGUCGGUUCGGUUUUC,69,-5.7,0.0,-36.2
1805,40,0.5190615835777126,CGUUUCAAUAACUUGCAGUACG,67,-6.3,0.0,-34.0
1806,36,0.5161290322580645,UCGUUUCAAUAACUUGCAGUAC,66,-6.3,0.0,-33.5
437,45,0.5161290322580645,AUAGUUGCUCUCGAUGAUGGUC,71,-7.0,0.0,-39.0
873,45,0.5161290322580645,UGGCGAUAUCCUUGGUCUUUUC,72,-7.4,-1.1,-38.4
2088,36,0.5146627565982405,GACAGCGAAAAAUUGAGAAGUU,66,-2.7,0.0,-33.1
1328,36,0.5131964809384164,AAAUCGGCAUUUUAGCUCCAUU,69,-4.5,-1.7,-33.9
1308,40,0.5131964809384164,UUCGGGCGAGAUAUAGCAUAAA,71,-6.7,-1.9,-36.5
1103,54,0.5131964809384164,CGGUUCGGUUUUCUGGCUUUGG,75,-7.4,-2.3,-40.3
1809,40,0.5117302052785924,GACUCGUUUCAAUAACUUGCAG,67,-6.3,0.0,-35.0
480,50,0.5087976539589443,GCACCUCACUAUCUAUAUCGGG,73,-2.8,0.0,-40.9
369,50,0.5087976539589443,UGGUGGAAAUCUGAGUGGACGA,74,-3.3,0.0,-41.3
1163,36,0.5087976539589443,CUUCAUUAUGUUCAUGCCGUUA,66,-5.2,0.0,-33.7
97,40,0.5087976539589443,CGCUUUUUCACGGACUUAAGAU,68,-5.4,0.0,-34.7
541,36,0.5087976539589443,UAUUCACUCUUGAUGCUCGAUA,67,-6.7,0.0,-35.2
865,40,0.5087976539589443,UCCUUGGUCUUUUCAUCCGUUA,70,-4.3,-0.2,-36.5
875,50,0.5087976539589443,GGUGGCGAUAUCCUUGGUCUUU,75,-7.4,-1.1,-40.6
1245,45,0.5087976539589443,AAUCCGAGUUAAUCGUCAGCAG,71,-5.6,-1.3,-37.6
481,50,0.5073313782991202,CGCACCUCACUAUCUAUAUCGG,73,-2.7,0.0,-40.0
547,36,0.5058651026392962,UUUCGAUAUUCACUCUUGAUGC,65,-4.1,0.0,-34.1
540,36,0.5058651026392962,AUUCACUCUUGAUGCUCGAUAU,67,-6.7,0.0,-35.0
421,50,0.5043988269794721,AUGGUCAUGUUGUUCUCGCUGG,73,-4.4,0.0,-40.3
444,40,0.5043988269794721,CGGAUAUAUAGUUGCUCUCGAU,69,-4.4,0.0,-36.3
1804,40,0.5043988269794721,GUUUCAAUAACUUGCAGUACGC,68,-6.3,0.0,-35.0
871,40,0.5043988269794721,GCGAUAUCCUUGGUCUUUUCAU,69,-6.4,0.0,-36.2
1642,45,0.5043988269794721,CAGCAUUCGCUUCGGAUAAACU,71,-7.1,-1.5,-37.3
1295,36,0.5029325513196481,UAGCAUAAAAUCAUCGCCCAUA,69,-2.7,0.0,-34.9
546,36,0.5029325513196481,UUCGAUAUUCACUCUUGAUGCU,67,-4.1,0.0,-34.8
869,40,0.5029325513196481,GAUAUCCUUGGUCUUUUCAUCC,68,-5.8,0.0,-36.6
870,40,0.5029325513196481,CGAUAUCCUUGGUCUUUUCAUC,67,-6.4,0.0,-35.7
1246,40,0.5029325513196481,UAAUCCGAGUUAAUCGUCAGCA,69,-5.6,-1.3,-36.3
2087,31,0.501466275659824,ACAGCGAAAAAUUGAGAAGUUU,64,-2.7,0.0,-31.1
542,36,0.501466275659824,AUAUUCACUCUUGAUGCUCGAU,67,-6.7,0.0,-35.0
2523,36,0.5,ACAUCAAUAAUAAAUCAGCCGC,67,-2.6,0.0,-33.9
1297,36,0.5,UAUAGCAUAAAAUCAUCGCCCA,69,-2.7,0.0,-34.9
1298,36,0.5,AUAUAGCAUAAAAUCAUCGCCC,68,-2.7,0.0,-34.4
1299,36,0.5,GAUAUAGCAUAAAAUCAUCGCC,66,-2.7,0.0,-34.0
1300,31,0.5,AGAUAUAGCAUAAAAUCAUCGC,64,-2.7,0.0,-32.3
1301,31,0.5,GAGAUAUAGCAUAAAAUCAUCG,62,-3.1,0.0,-31.8
1302,31,0.5,CGAGAUAUAGCAUAAAAUCAUC,62,-3.1,0.0,-31.8
1330,40,0.5,CUAAAUCGGCAUUUUAGCUCCA,70,-5.5,-1.7,-35.8
1304,36,0.5,GGCGAGAUAUAGCAUAAAAUCA,67,-5.4,-1.9,-34.5
1303,31,0.5,GCGAGAUAUAGCAUAAAAUCAU,64,-5.4,-1.9,-32.3
2297,31,0.4985337243401759,CAAUGAUUUGCAUUUAAGUUCC,63,-4.1,0.0,-31.0
539,40,0.4970674486803519,UUCACUCUUGAUGCUCGAUAUC,68,-7.3,0.0,-36.8
868,40,0.4970674486803519,AUAUCCUUGGUCUUUUCAUCCG,69,-4.3,-0.2,-36.1
564,50,0.4970674486803519,AUGGAUUGCCCGUCAGUUUUCG,74,-5.6,-1.5,-39.3
1327,40,0.4956011730205278,AAUCGGCAUUUUAGCUCCAUUC,70,-4.5,-1.7,-35.9
1309,40,0.4956011730205278,AUUCGGGCGAGAUAUAGCAUAA,71,-6.7,-1.9,-36.7
1104,50,0.4956011730205278,UCGGUUCGGUUUUCUGGCUUUG,73,-7.4,-2.3,-38.9
2572,45,0.4941348973607038,AACAGAAAGACGAAAAUCGCGC,70,-5.8,0.0,-36.2
1833,31,0.4941348973607038,UUAAGAACCCAACUUAAUACUC,65,-3.6,-0.4,-32.2
2086,31,0.4912023460410557,CAGCGAAAAAUUGAGAAGUUUA,63,-3.3,-0.2,-30.7
543,40,0.4912023460410557,GAUAUUCACUCUUGAUGCUCGA,68,-5.3,-0.4,-36.8
544,45,0.4897360703812317,CGAUAUUCACUCUUGAUGCUCG,69,-5.2,-1.1,-37.3
1244,45,0.4897360703812317,AUCCGAGUUAAUCGUCAGCAGA,72,-6.2,-1.3,-38.6
2089,36,0.4882697947214076,AGACAGCGAAAAAUUGAGAAGU,67,-2.7,0.0,-33.8
545,40,0.4882697947214076,UCGAUAUUCACUCUUGAUGCUC,68,-3.7,0.0,-36.8
554,40,0.4882697947214076,CGUCAGUUUUCGAUAUUCACUC,66,-4.5,0.0,-34.8
1111,40,0.4882697947214076,UUUUCAGUCGGUUCGGUUUUCU,69,-5.7,0.0,-35.1
1810,36,0.4882697947214076,AGACUCGUUUCAAUAACUUGCA,67,-6.3,0.0,-34.0
867,40,0.4882697947214076,UAUCCUUGGUCUUUUCAUCCGU,70,-4.3,-0.2,-36.7
876,50,0.4882697947214076,UGGUGGCGAUAUCCUUGGUCUU,76,-7.4,-1.1,-41.3
339,54,0.4882697947214076,UGGCUACGACUUGCAACUGCUG,77,-7.3,-1.7,-42.3
1099,50,0.4853372434017595,UCGGUUUUCUGGCUUUGGGUUC,74,-6.2,-1.0,-39.8
617,54,0.4838709677419355,GGUCACAUUGGGAAUGGUCAGC,75,-5.9,0.0,-42.9
866,40,0.4838709677419355,AUCCUUGGUCUUUUCAUCCGUU,70,-4.3,-0.2,-36.3
1307,40,0.4838709677419355,UCGGGCGAGAUAUAGCAUAAAA,71,-6.7,-1.9,-36.5
1097,50,0.4824046920821114,GGUUUUCUGGCUUUGGGUUCUG,74,-5.2,0.0,-39.7
618,54,0.4824046920821114,CGGUCACAUUGGGAAUGGUCAG,75,-5.9,0.0,-41.9
1326,45,0.4780058651026393,AUCGGCAUUUUAGCUCCAUUCG,72,-4.5,-1.7,-37.4
611,45,0.4765395894428152,AUUGGGAAUGGUCAGCAGGAAA,73,-3.2,0.0,-39.3
1310,45,0.4765395894428152,CAUUCGGGCGAGAUAUAGCAUA,72,-6.7,-1.9,-38.4
1626,31,0.4750733137829912,UAAACUUGUUGAAUCGGUAGAU,65,-7.0,0.0,-32.1
764,54,0.4736070381231672,UGCUCGUGGUAUGUUCUCCAGG,76,-6.4,-1.8,-42.9
368,54,0.4721407624633431,GGUGGAAAUCUGAGUGGACGAG,74,-3.3,0.0,-42.3
1331,45,0.4721407624633431,CCUAAAUCGGCAUUUUAGCUCC,72,-6.1,-1.7,-37.5
1096,50,0.4706744868035191,GUUUUCUGGCUUUGGGUUCUGC,74,-5.2,0.0,-39.8
612,50,0.4706744868035191,CAUUGGGAAUGGUCAGCAGGAA,74,-5.3,0.0,-41.0
1164,36,0.469208211143695,UCUUCAUUAUGUUCAUGCCGUU,67,-5.2,0.0,-34.3
613,50,0.469208211143695,ACAUUGGGAAUGGUCAGCAGGA,75,-5.9,0.0,-41.8
1110,45,0.4677419354838709,UUUCAGUCGGUUCGGUUUUCUG,70,-5.9,0.0,-36.8
2287,31,0.4662756598240469,CAUUUAAGUUCCAUUUUGCAGU,64,-4.9,0.0,-31.3
616,50,0.4662756598240469,GUCACAUUGGGAAUGGUCAGCA,74,-5.9,0.0,-41.2
1247,45,0.4662756598240469,GUAAUCCGAGUUAAUCGUCAGC,70,-5.6,-1.3,-37.4
445,40,0.4648093841642228,ACGGAUAUAUAGUUGCUCUCGA,70,-4.4,0.0,-36.9
210,50,0.4633431085043988,AUGCGGAGAAAUCGGACCUUAC,74,-4.5,0.0,-40.0
1811,40,0.4633431085043988,CAGACUCGUUUCAAUAACUUGC,67,-4.7,0.0,-35.0
1832,36,0.4618768328445747,UAAGAACCCAACUUAAUACUCC,68,-2.2,0.0,-34.6
1146,36,0.4618768328445747,CGUUAAAUGGAUGCACAAAGAU,66,-4.2,0.0,-33.3
211,50,0.4618768328445747,CAUGCGGAGAAAUCGGACCUUA,73,-4.5,0.0,-39.9
1294,36,0.4604105571847507,AGCAUAAAAUCAUCGCCCAUAA,69,-2.7,0.0,-34.5
610,45,0.4604105571847507,UUGGGAAUGGUCAGCAGGAAAU,73,-3.2,0.0,-39.3
1643,45,0.4604105571847507,ACAGCAUUCGCUUCGGAUAAAC,71,-7.1,-1.5,-37.4
1325,50,0.4604105571847507,UCGGCAUUUUAGCUCCAUUCGG,74,-6.8,-2.2,-39.6
1413,36,0.4589442815249266,GGACUCUUUUUAAACGAUUUCG,64,-5.9,0.0,-31.8
340,54,0.4589442815249266,CUGGCUACGACUUGCAACUGCU,77,-7.4,-1.7,-42.3
558,45,0.4574780058651026,UGCCCGUCAGUUUUCGAUAUUC,71,-3.7,0.0,-37.6
619,54,0.4574780058651026,GCGGUCACAUUGGGAAUGGUCA,76,-5.9,0.0,-42.7
1251,40,0.4574780058651026,CAUCGUAAUCCGAGUUAAUCGU,68,-5.6,-1.3,-34.9
1421,31,0.4574780058651026,GGGUAAUUGGACUCUUUUUAAA,65,-7.4,-2.1,-31.7
2090,40,0.4560117302052786,CAGACAGCGAAAAAUUGAGAAG,66,-2.7,0.0,-34.7
1553,50,0.4560117302052786,UGUUAGAAUCGGCACCAAUCGC,74,-4.9,0.0,-39.8
2524,36,0.4545454545454545,CACAUCAAUAAUAAAUCAGCCG,65,-1.3,0.0,-33.1
2527,31,0.4545454545454545,GAGCACAUCAAUAAUAAAUCAG,62,-2.7,0.0,-31.9
2253,31,0.4545454545454545,GGUAAAAACAGAUUUCAAAGCA,64,-3.5,0.0,-31.4
2254,31,0.4545454545454545,UGGUAAAAACAGAUUUCAAAGC,64,-3.5,0.0,-31.4
2158,36,0.4545454545454545,UUUUACACAGCUUUUGGGAUAG,67,-3.7,0.0,-33.9
1145,36,0.4545454545454545,GUUAAAUGGAUGCACAAAGAUG,65,-4.2,0.0,-33.5
2159,31,0.4545454545454545,AUUUUACACAGCUUUUGGGAUA,66,-4.7,0.0,-32.4
2145,40,0.4545454545454545,UUGGGAUAGCAGCAAAAAGUGU,71,-5.2,0.0,-36.7
2146,40,0.4545454545454545,UUUGGGAUAGCAGCAAAAAGUG,70,-5.2,0.0,-35.9
2144,45,0.4545454545454545,UGGGAUAGCAGCAAAAAGUGUG,72,-5.2,-0.4,-38.4
2143,50,0.4545454545454545,GGGAUAGCAGCAAAAAGUGUGC,74,-6.3,-0.8,-40.2
2147,36,0.4545454545454545,UUUUGGGAUAGCAGCAAAAAGU,69,-5.2,-0.9,-34.2
2148,40,0.4545454545454545,CUUUUGGGAUAGCAGCAAAAAG,69,-5.4,-1.1,-35.1
2157,40,0.4545454545454545,UUUACACAGCUUUUGGGAUAGC,70,-5.8,-1.1,-36.4
1305,40,0.4545454545454545,GGGCGAGAUAUAGCAUAAAAUC,69,-5.4,-1.9,-36.2
1306,40,0.4545454545454545,CGGGCGAGAUAUAGCAUAAAAU,70,-5.4,-1.9,-35.7
615,50,0.4530791788856305,UCACAUUGGGAAUGGUCAGCAG,74,-5.9,0.0,-41.1
157,50,0.4530791788856305,UUGCGAAAGGAACCGGAUGACU,75,-7.1,0.0,-40.1
2713,31,0.4530791788856305,AGCUAUCUAGAAGACUUUAAAG,64,-7.2,0.0,-32.4
1554,45,0.4530791788856305,UUGUUAGAAUCGGCACCAAUCG,71,-4.9,-0.2,-37.3
1555,40,0.4530791788856305,UUUGUUAGAAUCGGCACCAAUC,69,-4.9,-0.2,-35.8
1556,36,0.4530791788856305,AUUUGUUAGAAUCGGCACCAAU,68,-5.0,-0.2,-34.0
877,54,0.4530791788856305,CUGGUGGCGAUAUCCUUGGUCU,77,-7.4,-1.1,-43.0
1095,45,0.4516129032258064,UUUUCUGGCUUUGGGUUCUGCA,73,-5.3,-0.7,-38.7
1627,31,0.4501466275659824,AUAAACUUGUUGAAUCGGUAGA,65,-7.0,0.0,-32.1
1717,45,0.4501466275659824,GCCUGAAAGCAAUCAAAUCGCA,71,-5.5,-0.7,-37.8
1098,50,0.4501466275659824,CGGUUUUCUGGCUUUGGGUUCU,75,-5.2,-0.8,-39.5
555,40,0.4486803519061583,CCGUCAGUUUUCGAUAUUCACU,68,-4.5,0.0,-35.2
557,45,0.4457478005865102,GCCCGUCAGUUUUCGAUAUUCA,71,-3.7,0.0,-37.6
1252,45,0.4457478005865102,GCAUCGUAAUCCGAGUUAAUCG,69,-4.2,-0.6,-36.6
1691,50,0.4442815249266862,GCCCCUUUCGUUGAUUAGACAG,73,-4.4,-0.4,-39.7
209,54,0.4428152492668621,UGCGGAGAAAUCGGACCUUACG,75,-4.5,0.0,-41.3
1693,50,0.4413489736070381,ACGCCCCUUUCGUUGAUUAGAC,74,-3.5,0.0,-39.6
1692,50,0.4413489736070381,CGCCCCUUUCGUUGAUUAGACA,74,-4.4,-0.4,-39.5
1250,40,0.4413489736070381,AUCGUAAUCCGAGUUAAUCGUC,68,-5.6,-1.3,-35.2
559,40,0.43841642228739,UUGCCCGUCAGUUUUCGAUAUU,70,-3.7,0.0,-35.6
2127,40,0.436950146627566,GUGUGCAGAAAAUCAAUGGCAU,69,-7.2,-1.3,-36.3
367,50,0.4354838709677419,GUGGAAAUCUGAGUGGACGAGA,72,-3.3,0.0,-40.9
446,45,0.4340175953079179,CACGGAUAUAUAGUUGCUCUCG,70,-4.2,0.0,-37.6
1253,45,0.4340175953079179,GGCAUCGUAAUCCGAGUUAAUC,70,-6.0,-1.6,-37.5
1293,40,0.4325513196480938,GCAUAAAAUCAUCGCCCAUAAG,69,-2.7,0.0,-35.5
156,54,0.4325513196480938,UGCGAAAGGAACCGGAUGACUG,75,-7.1,0.0,-41.8
1419,31,0.4310850439882698,GUAAUUGGACUCUUUUUAAACG,62,-4.6,0.0,-30.2
1165,40,0.4310850439882698,CUCUUCAUUAUGUUCAUGCCGU,69,-5.2,0.0,-36.0
614,54,0.4310850439882698,CACAUUGGGAAUGGUCAGCAGG,75,-5.9,0.0,-42.5
954,40,0.4310850439882698,UGAGAUGCUUCCAAUUAUCCUG,69,-6.3,-0.2,-37.0
1821,40,0.4281524926686217,CUUAAUACUCCAGACUCGUUUC,67,-2.9,0.0,-35.6
620,54,0.4281524926686217,AGCGGUCACAUUGGGAAUGGUC,76,-6.9,0.0,-42.7
1248,45,0.4281524926686217,CGUAAUCCGAGUUAAUCGUCAG,69,-5.6,-1.3,-36.4
2057,31,0.4266862170087976,CAUAGAACACAAAACACACAAU,63,0.0,0.0,-31.5
1812,40,0.4266862170087976,CCAGACUCGUUUCAAUAACUUG,67,-4.7,0.0,-34.9
1819,36,0.4266862170087976,UAAUACUCCAGACUCGUUUCAA,67,-4.7,0.0,-34.6
1820,36,0.4266862170087976,UUAAUACUCCAGACUCGUUUCA,67,-4.7,0.0,-34.6
1831,36,0.4252199413489736,AAGAACCCAACUUAAUACUCCA,69,-0.2,0.0,-34.9
1249,40,0.4252199413489736,UCGUAAUCCGAGUUAAUCGUCA,68,-5.6,-1.3,-35.7
341,54,0.4252199413489736,UCUGGCUACGACUUGCAACUGC,77,-6.9,-1.7,-42.6
2091,36,0.4237536656891496,ACAGACAGCGAAAAAUUGAGAA,67,-2.7,0.0,-33.8
1414,31,0.4237536656891496,UGGACUCUUUUUAAACGAUUUC,63,-3.0,0.0,-31.0
1420,31,0.4237536656891496,GGUAAUUGGACUCUUUUUAAAC,63,-4.6,0.0,-31.1
192,45,0.4237536656891496,UUACGAAGAUCUGGUUGAGGCA,72,-7.2,0.0,-39.0
364,45,0.4222873900293255,GAAAUCUGAGUGGACGAGAAGA,70,-6.7,0.0,-38.7
2288,36,0.4222873900293255,GCAUUUAAGUUCCAUUUUGCAG,66,-6.5,-1.5,-33.0
561,45,0.4208211143695015,GAUUGCCCGUCAGUUUUCGAUA,71,-6.0,-0.5,-37.6
208,54,0.4208211143695015,GCGGAGAAAUCGGACCUUACGA,75,-5.7,-1.1,-41.6
1254,40,0.4208211143695015,AGGCAUCGUAAUCCGAGUUAAU,70,-6.6,-1.9,-36.2
1623,31,0.4208211143695015,ACUUGUUGAAUCGGUAGAUUUU,65,-7.4,-2.4,-31.7
2799,31,0.4193548387096774,GUUAUAGGACAAAAAAAACGUG,62,-4.8,-0.2,-30.0
519,54,0.4193548387096774,UCGUGAUUCCAUUCUGGGCGUG,75,-6.7,-1.2,-42.0
560,40,0.4178885630498534,AUUGCCCGUCAGUUUUCGAUAU,70,-3.7,0.0,-35.8
1546,45,0.4178885630498534,AUCGGCACCAAUCGCAUAUUGU,73,-4.9,-0.6,-38.2
2058,31,0.4164222873900293,ACAUAGAACACAAAACACACAA,65,0.0,0.0,-32.1
609,50,0.4164222873900293,UGGGAAUGGUCAGCAGGAAAUC,74,-3.2,0.0,-41.3
556,45,0.4164222873900293,CCCGUCAGUUUUCGAUAUUCAC,69,-3.7,0.0,-36.9
1818,36,0.4164222873900293,AAUACUCCAGACUCGUUUCAAU,67,-4.7,0.0,-34.4
1552,50,0.4149560117302053,GUUAGAAUCGGCACCAAUCGCA,74,-4.9,-0.6,-39.8
1550,45,0.4149560117302053,UAGAAUCGGCACCAAUCGCAUA,73,-4.9,-0.6,-38.6
1549,45,0.4149560117302053,AGAAUCGGCACCAAUCGCAUAU,73,-4.9,-0.6,-38.4
1551,45,0.4149560117302053,UUAGAAUCGGCACCAAUCGCAU,73,-4.9,-0.6,-38.2
1548,45,0.4149560117302053,GAAUCGGCACCAAUCGCAUAUU,72,-4.9,-0.6,-37.7
1547,45,0.4149560117302053,AAUCGGCACCAAUCGCAUAUUG,72,-4.9,-0.6,-37.4
1813,36,0.4134897360703812,UCCAGACUCGUUUCAAUAACUU,67,-4.7,0.0,-34.2
1464,40,0.4134897360703812,UAAUGUCCACCGAUCCGAUAUU,70,-7.2,-1.2,-36.6
1144,36,0.4120234604105572,UUAAAUGGAUGCACAAAGAUGC,67,-4.2,-0.2,-34.2
2525,36,0.4090909090909091,GCACAUCAAUAAUAAAUCAGCC,66,-2.7,0.0,-34.1
2526,31,0.4090909090909091,AGCACAUCAAUAAUAAAUCAGC,65,-2.7,0.0,-32.4
2160,31,0.4090909090909091,UAUUUUACACAGCUUUUGGGAU,66,-3.7,0.0,-32.4
952,40,0.407624633431085,AGAUGCUUCCAAUUAUCCUGGU,71,-4.9,-0.6,-37.5
1592,36,0.4061583577712609,UACCUUAUCGUGACAAUAGUUG,66,-5.2,0.0,-34.0
1714,40,0.4061583577712609,UGAAAGCAAUCAAAUCGCACCA,70,-4.9,-0.2,-36.1
1716,45,0.4061583577712609,CCUGAAAGCAAUCAAAUCGCAC,70,-5.3,-0.2,-37.1
1715,45,0.4061583577712609,CUGAAAGCAAUCAAAUCGCACC,70,-5.3,-0.2,-37.1
204,40,0.4061583577712609,AGAAAUCGGACCUUACGAAGAU,70,-5.2,-1.6,-36.1
1993,31,0.4046920821114369,UAAACAAAGACAGAGAACAUAC,63,0.0,0.0,-32.2
1492,50,0.4046920821114369,UCGAUCUGAACCAAAGGCUUGC,74,-5.9,0.0,-40.3
1493,50,0.4046920821114369,CUCGAUCUGAACCAAAGGCUUG,72,-5.9,0.0,-39.5
1713,45,0.4046920821114369,GAAAGCAAUCAAAUCGCACCAC,70,-3.5,-0.2,-37.2
953,45,0.4046920821114369,GAGAUGCUUCCAAUUAUCCUGG,71,-5.5,-0.2,-38.7
1822,36,0.4032258064516129,ACUUAAUACUCCAGACUCGUUU,68,-2.3,0.0,-34.4
1495,50,0.4032258064516129,UGCUCGAUCUGAACCAAAGGCU,75,-5.1,0.0,-41.0
1494,50,0.4032258064516129,GCUCGAUCUGAACCAAAGGCUU,74,-5.1,0.0,-40.3
1712,45,0.4032258064516129,AAAGCAAUCAAAUCGCACCACG,71,-3.0,-0.2,-36.7
365,50,0.4017595307917888,GGAAAUCUGAGUGGACGAGAAG,71,-3.8,0.0,-40.1
366,45,0.4017595307917888,UGGAAAUCUGAGUGGACGAGAA,71,-3.8,0.0,-39.1
1593,31,0.4017595307917888,AUACCUUAUCGUGACAAUAGUU,65,-5.2,0.0,-32.5
1711,50,0.4017595307917888,AAGCAAUCAAAUCGCACCACGC,74,-3.0,-0.2,-39.2
286,50,0.4017595307917888,ACCAAUGGCACCUUCCACAACU,76,-7.0,-0.6,-41.2
1694,50,0.4002932551319648,CACGCCCCUUUCGUUGAUUAGA,74,-3.5,0.0,-39.5
621,54,0.4002932551319648,CAGCGGUCACAUUGGGAAUGGU,76,-6.1,0.0,-42.4
2093,40,0.3988269794721407,UCACAGACAGCGAAAAAUUGAG,68,-2.7,0.0,-35.5
1695,54,0.3988269794721407,CCACGCCCCUUUCGUUGAUUAG,75,-2.9,0.0,-40.9
1594,31,0.3988269794721407,AAUACCUUAUCGUGACAAUAGU,65,-5.2,0.0,-32.5
285,54,0.3988269794721407,CCAAUGGCACCUUCCACAACUC,76,-5.6,-0.6,-42.4
1830,40,0.3973607038123167,AGAACCCAACUUAAUACUCCAG,70,0.0,0.0,-36.6
1941,45,0.3973607038123167,UUCCGUAAAAGCAGCGAUCCAU,73,-5.2,-0.9,-38.0
1696,50,0.3958944281524926,ACCACGCCCCUUUCGUUGAUUA,76,-2.9,0.0,-40.0
2340,31,0.3958944281524926,CCACACAAAAGUAUAUAGAACA,64,-3.4,0.0,-32.2
1169,40,0.3958944281524926,GCGUCUCUUCAUUAUGUUCAUG,67,-4.2,0.0,-35.6
622,54,0.3958944281524926,UCAGCGGUCACAUUGGGAAUGG,76,-5.9,0.0,-42.6
1814,40,0.3944281524926686,CUCCAGACUCGUUUCAAUAACU,68,-4.7,0.0,-35.9
1817,36,0.3944281524926686,AUACUCCAGACUCGUUUCAAUA,67,-4.7,0.0,-34.8
1255,40,0.3944281524926686,UAGGCAUCGUAAUCCGAGUUAA,70,-6.6,-1.9,-36.4
2059,31,0.3929618768328445,AACAUAGAACACAAAACACACA,65,0.0,0.0,-32.1
1166,40,0.3929618768328445,UCUCUUCAUUAUGUUCAUGCCG,68,-5.2,0.0,-36.2
701,54,0.3929618768328445,GUUGAGCACCAUAUCCAGGAGG,76,-7.1,0.0,-43.2
2281,31,0.3914956011730205,AGUUCCAUUUUGCAGUUUAAUC,64,-4.9,0.0,-31.6
2128,40,0.3914956011730205,AGUGUGCAGAAAAUCAAUGGCA,70,-5.4,0.0,-36.8
287,54,0.3900293255131964,CACCAAUGGCACCUUCCACAAC,76,-7.0,-0.6,-42.2
206,50,0.3900293255131964,GGAGAAAUCGGACCUUACGAAG,72,-5.2,-1.6,-39.3
1292,40,0.3885630498533724,CAUAAAAUCAUCGCCCAUAAGC,69,-1.5,0.0,-35.5
2034,31,0.3885630498533724,AUAUACAAUAAUGGACUAGGAC,65,-4.6,0.0,-33.2
1465,40,0.3885630498533724,AUAAUGUCCACCGAUCCGAUAU,70,-5.6,-0.4,-36.8
1940,50,0.3885630498533724,UCCGUAAAAGCAGCGAUCCAUC,74,-5.2,-0.9,-40.0
205,45,0.3885630498533724,GAGAAAUCGGACCUUACGAAGA,70,-5.2,-1.6,-37.9
207,50,0.3885630498533724,CGGAGAAAUCGGACCUUACGAA,73,-5.3,-1.6,-39.1
1816,36,0.3870967741935484,UACUCCAGACUCGUUUCAAUAA,67,-4.7,0.0,-34.6
1943,45,0.3870967741935484,AAUUCCGUAAAAGCAGCGAUCC,72,-5.2,-0.9,-37.3
1823,36,0.3856304985337243,AACUUAAUACUCCAGACUCGUU,68,-2.2,0.0,-34.4
2092,40,0.3856304985337243,CACAGACAGCGAAAAAUUGAGA,68,-2.7,0.0,-35.5
2341,36,0.3856304985337243,CCCACACAAAAGUAUAUAGAAC,66,-3.4,0.0,-33.9
1167,40,0.3856304985337243,GUCUCUUCAUUAUGUUCAUGCC,68,-5.2,0.0,-36.5
1168,40,0.3856304985337243,CGUCUCUUCAUUAUGUUCAUGC,67,-5.2,0.0,-35.6
1867,40,0.3841642228739003,CAGCCCAGUCAAAAUUUGCAUA,70,-4.4,0.0,-36.1
1942,45,0.3841642228739003,AUUCCGUAAAAGCAGCGAUCCA,73,-5.2,-0.9,-38.0
1829,40,0.3826979472140762,GAACCCAACUUAAUACUCCAGA,70,0.0,0.0,-36.9
1532,40,0.3826979472140762,CAUAUUGUGCAUCUCCUUGAUC,68,-7.1,0.0,-36.6
951,40,0.3826979472140762,GAUGCUUCCAAUUAUCCUGGUA,70,-4.9,-0.6,-37.2
1530,40,0.3826979472140762,UAUUGUGCAUCUCCUUGAUCAG,69,-7.0,-1.4,-37.1
2796,31,0.3812316715542522,AUAGGACAAAAAAAACGUGAUC,63,-3.9,0.0,-31.0
1531,36,0.3812316715542522,AUAUUGUGCAUCUCCUUGAUCA,68,-6.3,-0.6,-35.6
1622,36,0.3812316715542522,CUUGUUGAAUCGGUAGAUUUUG,64,-7.0,-2.4,-32.6
1824,40,0.3782991202346041,CAACUUAAUACUCCAGACUCGU,69,-2.2,0.0,-36.1
1815,40,0.3782991202346041,ACUCCAGACUCGUUUCAAUAAC,68,-4.7,0.0,-36.0
1828,40,0.37683284457478,AACCCAACUUAAUACUCCAGAC,70,0.0,0.0,-36.7
2289,31,0.37683284457478,UGCAUUUAAGUUCCAUUUUGCA,66,-6.5,-1.5,-32.0
1826,45,0.375366568914956,CCCAACUUAAUACUCCAGACUC,71,0.0,0.0,-38.6
2342,31,0.375366568914956,ACCCACACAAAAGUAUAUAGAA,66,-3.4,0.0,-32.9
1864,31,0.375366568914956,CCCAGUCAAAAUUUGCAUAUAU,65,-4.4,0.0,-32.0
1937,50,0.3739002932551319,GUAAAAGCAGCGAUCCAUCAGC,73,-5.3,0.0,-40.0
1827,40,0.3724340175953079,ACCCAACUUAAUACUCCAGACU,71,0.0,0.0,-37.4
2094,36,0.3724340175953079,AUCACAGACAGCGAAAAAUUGA,67,-2.7,0.0,-34.0
1866,36,0.3724340175953079,AGCCCAGUCAAAAUUUGCAUAU,69,-4.4,0.0,-34.6
608,54,0.3724340175953079,GGGAAUGGUCAGCAGGAAAUCC,76,-5.7,0.0,-43.0
2062,31,0.3724340175953079,UCUAACAUAGAACACAAAACAC,64,-4.7,-0.2,-32.0
1291,40,0.3724340175953079,AUAAAAUCAUCGCCCAUAAGCG,70,-5.0,-1.5,-35.3
1825,45,0.3709677419354839,CCAACUUAAUACUCCAGACUCG,70,-2.2,0.0,-37.7
1143,40,0.3709677419354839,UAAAUGGAUGCACAAAGAUGCC,70,-4.4,-1.0,-36.6
1256,40,0.3709677419354839,AUAGGCAUCGUAAUCCGAGUUA,70,-6.6,-1.9,-36.6
2061,31,0.3695014662756598,CUAACAUAGAACACAAAACACA,63,-1.5,0.0,-31.7
1868,45,0.3680351906158358,CCAGCCCAGUCAAAAUUUGCAU,73,-4.4,0.0,-38.1
1920,31,0.3680351906158358,UCAGCGUAAAUCGUAAAAUCAU,64,-5.4,-1.3,-31.4
1938,50,0.3665689149560117,CGUAAAAGCAGCGAUCCAUCAG,72,-5.2,-0.5,-39.0
1992,31,0.3651026392961877,AAACAAAGACAGAGAACAUACU,65,0.0,0.0,-32.5
2060,31,0.3651026392961877,UAACAUAGAACACAAAACACAC,64,0.0,0.0,-31.8
2343,36,0.3636363636363636,GACCCACACAAAAGUAUAUAGA,67,-3.4,0.0,-34.9
2161,31,0.3636363636363636,UUAUUUUACACAGCUUUUGGGA,66,-3.7,0.0,-32.2
1049,45,0.3636363636363636,CAAAUUGAUUGGUUCCUCUGGG,70,-5.7,0.0,-37.8
2408,50,0.3636363636363636,CCCACUGCGCCCUUCUUUUUAA,75,-6.7,0.0,-39.6
2407,50,0.3636363636363636,CCACUGCGCCCUUCUUUUUAAG,74,-6.7,0.0,-38.9
2409,54,0.3636363636363636,GCCCACUGCGCCCUUCUUUUUA,78,-6.7,-0.2,-42.1
1591,40,0.3636363636363636,ACCUUAUCGUGACAAUAGUUGC,69,-6.6,-1.9,-36.1
1895,31,0.3607038123167155,AAAGUUCUUAUUUUGUCGGUUC,63,-3.4,0.0,-30.8
1894,36,0.3607038123167155,AAGUUCUUAUUUUGUCGGUUCC,66,-3.6,0.0,-33.2
1865,36,0.3607038123167155,GCCCAGUCAAAAUUUGCAUAUA,68,-4.4,0.0,-34.3
1496,54,0.3607038123167155,GUGCUCGAUCUGAACCAAAGGC,75,-5.1,0.0,-42.1
284,54,0.3607038123167155,CAAUGGCACCUUCCACAACUCC,76,-4.2,-0.6,-42.4
1869,50,0.3592375366568915,GCCAGCCCAGUCAAAAUUUGCA,75,-4.4,0.0,-40.4
1939,50,0.3592375366568915,CCGUAAAAGCAGCGAUCCAUCA,74,-5.2,-0.9,-39.7
950,40,0.3592375366568915,AUGCUUCCAAUUAUCCUGGUAG,70,-4.6,-1.0,-36.9
1466,45,0.3577712609970674,CAUAAUGUCCACCGAUCCGAUA,71,-4.6,0.0,-38.3
2108,36,0.3577712609970674,CAUUGGCAAAACAAAUCACAGA,66,-4.8,-0.4,-33.6
288,54,0.3577712609970674,CCACCAAUGGCACCUUCCACAA,77,-7.0,-0.6,-42.8
1595,31,0.3563049853372434,UAAUACCUUAUCGUGACAAUAG,64,-4.4,0.0,-32.1
1710,54,0.3563049853372434,AGCAAUCAAAUCGCACCACGCC,77,-3.1,-0.3,-41.6
675,54,0.3533724340175953,CGUUCUUCAGGCUCGCUUUCAG,74,-6.9,0.0,-40.9
1697,54,0.3519061583577713,CACCACGCCCCUUUCGUUGAUU,76,-2.9,0.0,-41.3
2280,31,0.3519061583577713,GUUCCAUUUUGCAGUUUAAUCU,64,-4.9,0.0,-31.6
2129,40,0.3519061583577713,AAGUGUGCAGAAAAUCAAUGGC,69,-5.4,0.0,-36.1
2109,40,0.3519061583577713,GCAUUGGCAAAACAAAUCACAG,68,-5.4,-0.9,-35.1
2110,40,0.3519061583577713,GGCAUUGGCAAAACAAAUCACA,70,-5.7,-0.9,-35.8
1919,36,0.3489736070381232,CAGCGUAAAUCGUAAAAUCAUC,64,-5.4,-1.3,-32.4
1989,36,0.3460410557184751,CAAAGACAGAGAACAUACUACA,66,0.0,0.0,-34.6
1870,50,0.3460410557184751,UGCCAGCCCAGUCAAAAUUUGC,75,-3.2,0.0,-40.4
1871,50,0.3460410557184751,GUGCCAGCCCAGUCAAAAUUUG,74,-3.2,0.0,-39.7
1988,31,0.344574780058651,AAAGACAGAGAACAUACUACAU,65,0.0,0.0,-33.1
1898,31,0.3416422287390029,CAAAAAGUUCUUAUUUUGUCGG,62,-4.6,-0.2,-29.7
1918,31,0.3416422287390029,AGCGUAAAUCGUAAAAUCAUCA,64,-5.4,-1.3,-31.4
1621,31,0.3416422287390029,UUGUUGAAUCGGUAGAUUUUGU,64,-7.0,-2.4,-31.7
1468,54,0.3401759530791788,CGCAUAAUGUCCACCGAUCCGA,75,-5.6,0.0,-41.7
1921,31,0.3387096774193548,AUCAGCGUAAAUCGUAAAAUCA,64,-5.4,-1.3,-31.4
2095,36,0.3357771260997067,AAUCACAGACAGCGAAAAAUUG,65,-2.7,0.0,-33.0
2290,31,0.3357771260997067,UUGCAUUUAAGUUCCAUUUUGC,65,-4.1,0.0,-31.3
2795,31,0.3357771260997067,UAGGACAAAAAAAACGUGAUCA,64,-5.4,0.0,-31.5
1448,36,0.3357771260997067,GAUAUUGACGAUGAUCUGAGUA,65,-7.1,0.0,-35.0
1142,45,0.3357771260997067,AAAUGGAUGCACAAAGAUGCCC,72,-4.4,-1.0,-38.6
283,54,0.3343108504398827,AAUGGCACCUUCCACAACUCCG,77,-4.2,-0.6,-42.2
1917,31,0.3343108504398827,GCGUAAAUCGUAAAAUCAUCAA,63,-4.8,-1.0,-30.7
1990,36,0.3328445747800586,ACAAAGACAGAGAACAUACUAC,66,0.0,0.0,-34.7
676,54,0.3328445747800586,CCGUUCUUCAGGCUCGCUUUCA,76,-6.9,-0.5,-41.6
1467,50,0.3299120234604105,GCAUAAUGUCCACCGAUCCGAU,74,-4.6,0.0,-40.4
1257,45,0.3299120234604105,GAUAGGCAUCGUAAUCCGAGUU,71,-5.7,-1.2,-38.2
1991,31,0.3284457478005865,AACAAAGACAGAGAACAUACUA,65,0.0,0.0,-32.9
677,54,0.3269794721407624,ACCGUUCUUCAGGCUCGCUUUC,76,-6.9,-1.2,-41.7
1985,31,0.3255131964809384,GACAGAGAACAUACUACAUAUA,64,0.0,0.0,-33.4
2344,36,0.3255131964809384,UGACCCACACAAAAGUAUAUAG,67,-3.4,0.0,-34.6
2779,31,0.3255131964809384,UGAUCACCAUCAAUACAUACAA,65,-6.0,-0.4,-33.4
1515,45,0.3240469208211143,UGAUCAGUAGCCGAAAAUCGUG,70,-7.0,0.0,-37.6
1922,36,0.3240469208211143,CAUCAGCGUAAAUCGUAAAAUC,64,-5.4,-1.3,-32.4
1987,31,0.3225806451612903,AAGACAGAGAACAUACUACAUA,65,0.0,0.0,-33.5
1782,54,0.3225806451612903,GCUGCCGACCGAUUUUGUUCCA,76,-5.3,0.0,-41.6
274,54,0.3225806451612903,UUCCACAACUCCGGCAAUUCGG,76,-6.8,-1.9,-41.5
1497,54,0.3211143695014662,CGUGCUCGAUCUGAACCAAAGG,74,-6.5,0.0,-41.1
2169,31,0.3181818181818182,GCAUUUGAUUAUUUUACACAGC,63,-2.7,0.0,-31.3
2246,31,0.3181818181818182,ACAGAUUUCAAAGCAAAAUGGU,65,-3.5,0.0,-31.9
2245,31,0.3181818181818182,CAGAUUUCAAAGCAAAAUGGUU,64,-3.5,0.0,-31.1
2162,31,0.3181818181818182,AUUAUUUUACACAGCUUUUGGG,65,-3.7,0.0,-31.4
1781,54,0.3181818181818182,CUGCCGACCGAUUUUGUUCCAG,75,-5.9,0.0,-40.8
2107,36,0.3181818181818182,AUUGGCAAAACAAAUCACAGAC,67,-4.8,-0.4,-33.7
947,45,0.3181818181818182,CUUCCAAUUAUCCUGGUAGCAC,71,-5.0,-1.2,-38.5
277,50,0.3167155425219941,ACCUUCCACAACUCCGGCAAUU,76,-5.9,0.0,-40.5
946,45,0.3167155425219941,UUCCAAUUAUCCUGGUAGCACC,73,-6.9,-0.6,-39.2
2778,31,0.3152492668621701,GAUCACCAUCAAUACAUACAAU,64,-5.2,0.0,-32.9
657,50,0.313782991202346,UCAGGUUGAAGAUCCGCUUACC,74,-7.4,-1.1,-40.7
2130,36,0.312316715542522,AAAGUGUGCAGAAAAUCAAUGG,66,-5.4,0.0,-33.6
2279,31,0.312316715542522,UUCCAUUUUGCAGUUUAAUCUG,64,-6.2,-0.6,-31.5
275,54,0.3093841642228739,CUUCCACAACUCCGGCAAUUCG,75,-5.9,0.0,-40.8
1986,31,0.3064516129032258,AGACAGAGAACAUACUACAUAU,65,0.0,0.0,-33.7
1923,36,0.3035190615835777,CCAUCAGCGUAAAUCGUAAAAU,66,-5.4,-1.3,-32.8
924,54,0.3020527859237537,AGUUCGACUCCGCUGCCUCAUU,77,-4.5,0.0,-42.6
1780,50,0.3020527859237537,UGCCGACCGAUUUUGUUCCAGA,74,-5.3,0.0,-40.1
1620,36,0.2976539589442815,UGUUGAAUCGGUAGAUUUUGUC,66,-7.0,-2.4,-33.7
2096,31,0.2947214076246334,AAAUCACAGACAGCGAAAAAUU,64,-2.7,0.0,-31.3
276,54,0.2947214076246334,CCUUCCACAACUCCGGCAAUUC,75,-5.9,0.0,-41.7
1447,36,0.2947214076246334,AUAUUGACGAUGAUCUGAGUAC,66,-6.6,0.0,-34.8
1610,31,0.2932551319648094,GUAGAUUUUGUCACAUAAUACC,63,-5.7,-0.1,-32.0
278,54,0.2917888563049853,CACCUUCCACAACUCCGGCAAU,77,-5.9,0.0,-42.2
1958,31,0.2888563049853372,UAUUAAAACUAAGCGAAUUCCG,63,-5.8,0.0,-30.5
1258,45,0.2873900293255132,AGAUAGGCAUCGUAAUCCGAGU,73,-5.7,-0.8,-38.9
2345,31,0.2844574780058651,UUGACCCACACAAAAGUAUAUA,66,-3.4,0.0,-32.9
1779,50,0.2844574780058651,GCCGACCGAUUUUGUUCCAGAA,73,-5.3,0.0,-39.4
1924,36,0.2844574780058651,UCCAUCAGCGUAAAUCGUAAAA,67,-5.4,-1.3,-33.6
1444,45,0.2785923753665689,UUGACGAUGAUCUGAGUACCCU,72,-6.6,0.0,-39.5
2106,36,0.2785923753665689,UUGGCAAAACAAAUCACAGACA,67,-4.8,-0.4,-34.2
1925,36,0.2771260997067448,AUCCAUCAGCGUAAAUCGUAAA,67,-5.4,-1.3,-33.8
2247,31,0.2727272727272727,AACAGAUUUCAAAGCAAAAUGG,64,-3.5,0.0,-31.1
2163,31,0.2727272727272727,GAUUAUUUUACACAGCUUUUGG,63,-3.7,0.0,-31.0
1597,31,0.2727272727272727,CAUAAUACCUUAUCGUGACAAU,64,-4.4,0.0,-31.9
2131,31,0.2727272727272727,AAAAGUGUGCAGAAAAUCAAUG,63,-5.4,0.0,-31.2
2397,45,0.2727272727272727,CUUCUUUUUAAGGGCAAGUGGC,72,-6.8,-0.2,-37.4
2394,50,0.2727272727272727,CUUUUUAAGGGCAAGUGGCAGG,75,-5.9,-0.8,-39.5
2395,45,0.2727272727272727,UCUUUUUAAGGGCAAGUGGCAG,73,-5.9,-0.8,-38.1
2396,40,0.2727272727272727,UUCUUUUUAAGGGCAAGUGGCA,71,-6.1,-0.8,-36.4
1926,40,0.2727272727272727,GAUCCAUCAGCGUAAAUCGUAA,68,-6.5,-1.3,-35.8
1778,50,0.2712609970674486,CCGACCGAUUUUGUUCCAGAAC,72,-5.8,0.0,-38.7
1445,45,0.2712609970674486,AUUGACGAUGAUCUGAGUACCC,71,-6.6,0.0,-39.0
1604,31,0.2697947214076246,UUUGUCACAUAAUACCUUAUCG,63,-3.2,0.0,-31.7
1446,40,0.2565982404692082,UAUUGACGAUGAUCUGAGUACC,68,-6.6,0.0,-37.0
1611,31,0.2551319648093841,GGUAGAUUUUGUCACAUAAUAC,63,-5.7,-0.1,-32.0
2097,36,0.2536656891495601,CAAAUCACAGACAGCGAAAAAU,65,-2.7,0.0,-33.0
1266,50,0.2463343108504398,AGUCCAGCAGAUAGGCAUCGUA,76,-7.0,-1.1,-41.8
2349,31,0.2434017595307918,AAUUUUGACCCACACAAAAGUA,65,-3.2,-0.2,-31.9
1259,50,0.2434017595307918,CAGAUAGGCAUCGUAAUCCGAG,72,-5.7,-0.4,-39.8
1269,50,0.2434017595307918,GAAAGUCCAGCAGAUAGGCAUC,73,-7.0,-1.1,-41.1
2346,31,0.2419354838709677,UUUGACCCACACAAAAGUAUAU,66,-2.0,0.0,-32.5
1137,45,0.2419354838709677,GAUGCACAAAGAUGCCCAAAUG,71,-4.4,-1.0,-37.9
1261,50,0.2419354838709677,AGCAGAUAGGCAUCGUAAUCCG,74,-7.0,-1.1,-40.3
2350,36,0.2404692082111437,GAAUUUUGACCCACACAAAAGU,67,-3.2,-0.2,-33.5
2351,40,0.2390029325513196,CGAAUUUUGACCCACACAAAAG,67,-4.1,-0.2,-34.2
1262,50,0.2390029325513196,CAGCAGAUAGGCAUCGUAAUCC,73,-7.0,-1.1,-40.5
1263,50,0.2375366568914956,CCAGCAGAUAGGCAUCGUAAUC,73,-7.0,-1.1,-40.5
1138,45,0.2375366568914956,GGAUGCACAAAGAUGCCCAAAU,72,-7.2,-2.4,-38.6
2352,40,0.2360703812316715,CCGAAUUUUGACCCACACAAAA,69,-4.9,0.0,-34.9
1264,45,0.2346041055718475,UCCAGCAGAUAGGCAUCGUAAU,73,-7.0,-1.1,-39.5
2105,40,0.2331378299120234,UGGCAAAACAAAUCACAGACAG,69,-3.0,0.0,-35.9
1598,31,0.2316715542521994,ACAUAAUACCUUAUCGUGACAA,65,-4.4,0.0,-32.5
1707,54,0.2316715542521994,AAUCAAAUCGCACCACGCCCCU,78,-2.7,-0.3,-42.2
1265,50,0.2316715542521994,GUCCAGCAGAUAGGCAUCGUAA,74,-7.0,-1.1,-41.1
1706,54,0.2302052785923753,AUCAAAUCGCACCACGCCCCUU,78,-2.7,-0.3,-42.2
1599,36,0.2302052785923753,CACAUAAUACCUUAUCGUGACA,66,-6.2,-1.7,-34.2
2481,36,0.2287390029325513,GAAUUUUCCAAGUAAAGCAGUG,65,-3.5,0.0,-33.1
2482,36,0.2287390029325513,CGAAUUUUCCAAGUAAAGCAGU,66,-4.1,0.0,-32.9
1602,36,0.2287390029325513,UGUCACAUAAUACCUUAUCGUG,66,-4.2,-0.7,-34.2
1603,31,0.2272727272727272,UUGUCACAUAAUACCUUAUCGU,65,-3.2,0.0,-32.5
2423,54,0.2272727272727272,UGUAUACGUACCACGCCCACUG,77,-7.4,0.0,-42.2
2483,40,0.2272727272727272,GCGAAUUUUCCAAGUAAAGCAG,68,-4.1,-0.4,-34.6
2393,45,0.2272727272727272,UUUUUAAGGGCAAGUGGCAGGU,75,-6.0,-0.8,-38.6
2392,45,0.2272727272727272,UUUUAAGGGCAAGUGGCAGGUU,75,-7.0,-0.8,-38.6
1260,50,0.2272727272727272,GCAGAUAGGCAUCGUAAUCCGA,74,-7.0,-1.1,-40.6
1267,50,0.219941348973607,AAGUCCAGCAGAUAGGCAUCGU,76,-7.0,-1.1,-41.4
1268,50,0.2170087976539589,AAAGUCCAGCAGAUAGGCAUCG,74,-7.0,-1.1,-40.6
1612,31,0.2140762463343108,CGGUAGAUUUUGUCACAUAAUA,63,-5.7,-0.1,-31.7
2098,36,0.2096774193548387,ACAAAUCACAGACAGCGAAAAA,67,-2.7,0.0,-33.6
2347,31,0.2008797653958944,UUUUGACCCACACAAAAGUAUA,65,-3.2,-0.2,-32.3
2348,31,0.1994134897360703,AUUUUGACCCACACAAAAGUAU,66,-3.2,-0.2,-32.1
2353,45,0.1935483870967742,GCCGAAUUUUGACCCACACAAA,72,-4.9,0.0,-37.4
2104,45,0.187683284457478,GGCAAAACAAAUCACAGACAGC,71,-2.7,0.0,-37.7
1705,54,0.187683284457478,UCAAAUCGCACCACGCCCCUUU,78,-2.7,-0.3,-42.0
2484,36,0.1847507331378299,AGCGAAUUUUCCAAGUAAAGCA,68,-4.1,-0.4,-33.6
2485,36,0.1818181818181818,AAGCGAAUUUUCCAAGUAAAGC,67,-4.1,0.0,-32.9
2486,36,0.1818181818181818,CAAGCGAAUUUUCCAAGUAAAG,65,-4.1,0.0,-32.1
2489,40,0.1818181818181818,GUGCAAGCGAAUUUUCCAAGUA,69,-4.9,0.0,-35.4
2488,36,0.1818181818181818,UGCAAGCGAAUUUUCCAAGUAA,68,-4.9,0.0,-33.6
2487,36,0.1818181818181818,GCAAGCGAAUUUUCCAAGUAAA,67,-4.9,0.0,-32.9
2490,40,0.1818181818181818,UGUGCAAGCGAAUUUUCCAAGU,70,-5.4,0.0,-35.7
2133,31,0.1818181818181818,CAAAAAGUGUGCAGAAAAUCAA,63,-5.4,0.0,-31.0
2491,40,0.1818181818181818,UUGUGCAAGCGAAUUUUCCAAG,69,-7.2,-0.8,-34.9
2553,36,0.1774193548387097,CGCAAAUGCUUCACUUGAAUUU,66,-7.3,-0.7,-32.7
1613,31,0.1730205278592375,UCGGUAGAUUUUGUCACAUAAU,65,-5.7,-0.1,-32.3
2099,36,0.1656891495601173,AACAAAUCACAGACAGCGAAAA,67,-2.7,0.0,-33.6
2100,36,0.1598240469208211,AAACAAAUCACAGACAGCGAAA,67,-2.7,0.0,-33.6
2101,36,0.1539589442815249,AAAACAAAUCACAGACAGCGAA,67,-2.7,0.0,-33.6
2354,45,0.1510263929618768,UGCCGAAUUUUGACCCACACAA,72,-4.9,0.0,-38.1
2103,45,0.1480938416422287,GCAAAACAAAUCACAGACAGCG,70,-2.7,0.0,-36.8
2102,40,0.1480938416422287,CAAAACAAAUCACAGACAGCGA,68,-2.7,0.0,-35.3
2671,36,0.1422287390029325,GAAUUCUACACUGUGCUACAAA,67,-6.3,0.0,-34.4
2550,31,0.1407624633431085,AAAUGCUUCACUUGAAUUUGCU,65,-6.1,-0.1,-31.9
2551,36,0.1407624633431085,CAAAUGCUUCACUUGAAUUUGC,65,-4.9,-0.3,-32.9
2552,36,0.1407624633431085,GCAAAUGCUUCACUUGAAUUUG,65,-6.7,-0.6,-32.9
2547,36,0.1392961876832844,UGCUUCACUUGAAUUUGCUUGA,67,-6.1,-0.1,-34.4
2548,36,0.1392961876832844,AUGCUUCACUUGAAUUUGCUUG,66,-6.1,-0.1,-33.6
2670,36,0.1378299120234604,AAUUCUACACUGUGCUACAAAC,67,-6.3,0.0,-34.2
2549,31,0.1378299120234604,AAUGCUUCACUUGAAUUUGCUU,65,-6.1,-0.1,-31.9
2546,40,0.1363636363636363,GCUUCACUUGAAUUUGCUUGAG,68,-6.1,-0.1,-35.4
2668,36,0.1348973607038123,UUCUACACUGUGCUACAAACAA,68,-6.3,-0.3,-34.7
2669,36,0.1334310850439882,AUUCUACACUGUGCUACAAACA,68,-6.3,0.0,-34.9
1614,31,0.1319648093841642,AUCGGUAGAUUUUGUCACAUAA,65,-5.7,-0.1,-32.3
1615,31,0.1319648093841642,AAUCGGUAGAUUUUGUCACAUA,65,-7.4,-0.7,-32.3
2667,40,0.1129032258064516,UCUACACUGUGCUACAAACAAG,69,-6.3,-0.3,-36.4
2355,45,0.1070381231671554,AUGCCGAAUUUUGACCCACACA,73,-4.9,0.0,-38.3
2666,45,0.0909090909090909,CUACACUGUGCUACAAACAAGC,71,-6.3,-0.3,-37.9
2665,45,0.0909090909090909,UACACUGUGCUACAAACAAGCG,72,-6.3,-1.7,-37.7
2356,50,0.063049853372434,CAUGCCGAAUUUUGACCCACAC,73,-4.9,0.0,-39.3
